s1,s2,pvs,pvr,stock_1_data,stock_2_data
AMZN,JPM,0.09818416681627212,0.0020378759408839994,AMZN,JPM
